Date,Price,Open,High,Low,Volume,Chg%
"Oct 25, 2022",82.88,82.81,82.93,82.58,3.37M,0.05%
"Oct 24, 2022",82.83,82.93,82.93,82.79,371.28K,-0.16%
"Oct 21, 2022",82.97,82.89,83.13,82.54,5.62M,0.23%
"Oct 20, 2022",82.78,83.04,83.32,82.73,5.60M,-0.45%
"Oct 19, 2022",83.15,82.42,83.18,82.36,3.94M,0.85%
"Oct 18, 2022",82.45,82.38,82.49,82.09,3.46M,0.04%
"Oct 17, 2022",82.42,82.4,82.5,82.35,2.17M,0.07%
"Oct 14, 2022",82.36,82.38,82.52,82.21,4.29M,-0.07%
"Oct 13, 2022",82.42,82.4,82.53,82.35,2.68M,-0.02%
"Oct 12, 2022",82.43,82.4,82.5,82.28,2.67M,0.03%
"Oct 11, 2022",82.41,82.52,82.65,82.28,3.15M,-0.21%
"Oct 10, 2022",82.58,82.71,82.86,82.42,4.22M,0.22%
"Oct 07, 2022",82.4,82.38,82.58,82.32,3.92M,0.09%
"Oct 06, 2022",82.33,81.76,82.44,81.65,3.61M,0.64%
"Oct 04, 2022",81.81,81.94,81.94,81.53,4.19M,-0.24%
"Oct 03, 2022",82.01,81.79,82.14,81.75,3.59M,0.35%
"Sep 30, 2022",81.72,81.86,81.94,81.34,4.49M,-0.36%
"Sep 29, 2022",82.02,81.99,82.21,81.74,3.31M,0.14%
"Sep 28, 2022",81.9,81.81,81.95,81.8,1.81M,0.41%
"Sep 27, 2022",81.57,81.65,81.67,81.3,4.02M,-0.16%
"Sep 26, 2022",81.7,81.45,81.72,81.45,4.55M,0.72%
"Sep 23, 2022",81.11,81.01,81.28,80.81,5.14M,0.21%
"Sep 22, 2022",80.94,80.76,80.99,80.16,6.00M,1.17%
"Sep 21, 2022",80,79.81,80.06,79.81,2.52M,0.29%
"Sep 20, 2022",79.77,79.9,79.9,79.64,1.88M,-0.06%
"Sep 19, 2022",79.82,79.81,79.89,79.64,1.87M,0.00%
"Sep 16, 2022",79.82,79.88,79.94,79.77,2.56M,-0.05%
"Sep 15, 2022",79.86,79.51,79.91,79.36,2.70M,0.33%
"Sep 14, 2022",79.6,79.51,79.7,79.47,3.41M,0.44%
"Sep 13, 2022",79.25,79.49,79.49,79.12,3.62M,-0.46%
"Sep 12, 2022",79.63,80.07,80.07,79.57,2.17M,-0.09%
"Sep 09, 2022",79.7,79.79,79.79,79.57,2.51M,-0.14%
"Sep 08, 2022",79.82,79.85,80.04,79.77,2.32M,-0.33%
"Sep 07, 2022",80.08,80,80.1,79.97,2.10M,0.16%
"Sep 06, 2022",79.95,79.95,80.06,79.89,2.22M,-0.01%
"Sep 05, 2022",79.96,80.05,80.07,79.93,2.20M,-0.09%
"Sep 02, 2022",80.04,79.8,80.08,79.78,2.40M,0.33%
"Sep 01, 2022",79.77,80.12,80.12,79.47,3.58M,0.05%
"Aug 30, 2022",79.73,80.32,80.32,79.62,3.75M,-0.51%
"Aug 29, 2022",80.14,80.25,80.35,80.1,3.62M,0.29%
"Aug 26, 2022",79.91,79.91,79.92,79.84,1.08M,0.00%
"Aug 25, 2022",79.91,79.81,79.95,79.81,2.24M,0.01%
"Aug 24, 2022",79.9,79.9,79.93,79.72,1.78M,-0.01%
"Aug 23, 2022",79.91,79.86,79.94,79.83,1.89M,0.04%
"Aug 22, 2022",79.88,79.94,79.97,79.76,2.50M,-0.07%
"Aug 19, 2022",79.93,79.78,79.95,79.77,2.04M,0.33%
"Aug 18, 2022",79.68,79.53,79.77,79.53,2.05M,0.18%
"Aug 17, 2022",79.53,79.52,79.57,79.33,2.60M,-0.35%
"Aug 12, 2022",79.82,79.76,79.85,79.69,2.16M,0.09%
"Aug 11, 2022",79.74,79.49,79.8,79.29,2.68M,0.13%
"Aug 10, 2022",79.63,79.76,79.76,79.53,2.23M,-0.13%
"Aug 08, 2022",79.74,79.5,79.82,79.45,2.08M,0.46%
"Aug 05, 2022",79.38,79.35,79.44,79.04,3.91M,-0.20%
"Aug 04, 2022",79.54,79.48,79.98,79.37,5.79M,0.21%
"Aug 03, 2022",79.37,78.82,79.43,78.82,3.05M,0.68%
"Aug 02, 2022",78.83,79.16,79.24,78.69,3.26M,-0.56%
"Aug 01, 2022",79.28,79.34,79.44,79.19,2.23M,-0.24%
"Jul 29, 2022",79.46,79.8,79.8,79.36,3.07M,-0.54%
"Jul 28, 2022",79.89,80.08,80.08,79.82,3.33M,0.00%
"Jul 27, 2022",79.9,79.83,79.93,79.79,1.23M,0.13%
"Jul 26, 2022",79.79,79.79,79.82,79.71,2.14M,-0.02%
"Jul 25, 2022",79.81,79.9,79.9,79.7,2.75M,-0.17%
"Jul 22, 2022",79.95,79.94,79.96,79.86,1.89M,0.02%
"Jul 21, 2022",79.93,80.09,80.11,79.82,2.65M,-0.20%
"Jul 20, 2022",80.09,80,80.14,79.96,2.06M,0.08%
"Jul 19, 2022",80.03,79.96,80.13,79.91,2.06M,-0.02%
"Jul 18, 2022",80.05,79.9,80.07,79.79,2.52M,0.15%
"Jul 15, 2022",79.93,79.95,80.05,79.88,2.45M,-0.22%
"Jul 14, 2022",80.11,79.74,80.14,79.74,2.97M,0.49%
"Jul 13, 2022",79.72,79.7,79.79,79.61,1.44M,0.04%
"Jul 12, 2022",79.68,79.61,79.77,79.59,2.02M,0.13%
"Jul 11, 2022",79.58,79.33,79.62,79.33,1.90M,0.22%
"Jul 08, 2022",79.4,79.24,79.44,79.24,1.64M,0.15%
"Jul 07, 2022",79.29,79.2,79.39,79.01,2.21M,0.11%
"Jul 06, 2022",79.2,79.36,79.52,79.07,2.99M,-0.37%
"Jul 05, 2022",79.49,79.11,79.54,79.1,2.74M,0.50%
"Jul 04, 2022",79.1,79.48,79.48,79.02,1.38M,0.00%
"Jul 01, 2022",79.1,79.11,79.28,78.97,2.68M,-0.04%
"Jun 30, 2022",79.13,79.13,79.15,79.02,1.62M,-0.04%
"Jun 29, 2022",79.16,79.45,79.45,78.97,2.71M,0.59%
"Jun 28, 2022",78.7,78.5,78.73,78.46,2.42M,0.35%
"Jun 27, 2022",78.42,78.26,78.45,78.24,2.21M,0.10%
"Jun 24, 2022",78.35,78.24,78.36,78.21,1.51M,0.04%
"Jun 23, 2022",78.31,78.21,78.4,78.21,2.00M,-0.06%
"Jun 22, 2022",78.36,78.1,78.42,78.1,2.52M,0.27%
"Jun 21, 2022",78.15,77.95,78.18,77.95,1.53M,0.16%
"Jun 20, 2022",78.03,78.07,78.08,77.92,1.38M,-0.14%
"Jun 17, 2022",78.14,78.09,78.15,78.06,1.52M,-0.03%
"Jun 16, 2022",78.15,78.14,78.25,78.05,2.03M,-0.11%
"Jun 15, 2022",78.24,78.11,78.32,78,2.03M,0.18%
"Jun 14, 2022",78.11,78.03,78.17,78.03,2.08M,-0.03%
"Jun 13, 2022",78.13,78.14,78.39,78.11,3.71M,0.21%
"Jun 10, 2022",77.96,77.91,77.98,77.89,2.13M,0.12%
"Jun 09, 2022",77.87,77.72,77.93,77.72,1.53M,0.05%
"Jun 08, 2022",77.83,77.86,77.93,77.79,2.71M,-0.16%
"Jun 07, 2022",77.95,77.84,77.97,77.83,2.16M,0.20%
"Jun 06, 2022",77.79,77.79,77.85,77.77,1.04M,0.01%
"Jun 03, 2022",77.79,77.69,77.83,77.64,2.20M,0.01%
"Jun 02, 2022",77.78,77.79,77.82,77.73,1.61M,0.05%
"Jun 01, 2022",77.74,77.89,77.89,77.71,1.67M,-0.20%
"May 31, 2022",77.89,77.81,77.93,77.81,2.90M,0.15%
"May 30, 2022",77.77,77.8,77.8,77.7,1.75M,0.14%
"May 27, 2022",77.66,77.57,77.67,77.57,1.47M,0.09%
"May 26, 2022",77.59,77.6,77.66,77.52,1.90M,-0.07%
"May 25, 2022",77.64,77.53,77.65,77.47,1.91M,0.04%
"May 24, 2022",77.61,77.57,77.71,77.55,2.40M,0.05%
"May 23, 2022",77.57,77.72,77.78,77.55,1.87M,-0.18%
"May 20, 2022",77.71,77.6,77.74,77.52,2.29M,0.02%
"May 19, 2022",77.69,77.77,77.81,77.66,2.70M,0.02%
"May 18, 2022",77.68,77.6,77.72,77.53,2.16M,0.17%
"May 17, 2022",77.54,77.88,77.88,77.52,3.13M,0.00%
"May 13, 2022",77.55,77.49,77.59,77.34,2.87M,0.01%
"May 12, 2022",77.54,77.52,77.73,77.45,4.65M,0.16%
"May 11, 2022",77.41,77.42,77.44,77.28,2.16M,-0.05%
"May 10, 2022",77.45,77.55,77.6,77.34,3.41M,-0.28%
"May 09, 2022",77.67,77.2,77.71,77.19,4.40M,0.76%
"May 06, 2022",77.08,76.7,77.15,76.65,5.00M,0.75%
"May 05, 2022",76.5,75.65,76.53,75.65,3.50M,-0.13%
"May 04, 2022",76.6,76.71,76.78,76.4,3.50M,-0.14%
"May 02, 2022",76.71,76.7,76.79,76.55,2.34M,0.04%
"Apr 29, 2022",76.68,76.85,76.89,76.5,3.33M,-0.20%
"Apr 28, 2022",76.84,76.84,76.96,76.66,3.46M,0.26%
"Apr 27, 2022",76.64,76.7,76.74,76.63,1.26M,0.07%
"Apr 26, 2022",76.58,76.6,76.7,76.45,2.85M,-0.16%
"Apr 25, 2022",76.71,76.54,76.79,76.54,2.74M,0.34%
"Apr 22, 2022",76.45,76.25,76.57,76.22,3.48M,0.31%
"Apr 21, 2022",76.21,76.26,76.4,76.12,2.56M,-0.09%
"Apr 20, 2022",76.28,76.49,76.59,76.2,3.25M,-0.43%
"Apr 19, 2022",76.61,76.32,76.64,76.31,2.75M,0.37%
"Apr 18, 2022",76.32,76.35,76.52,76.28,2.38M,0.10%
"Apr 13, 2022",76.24,76.19,76.36,76.13,2.24M,0.00%
"Apr 12, 2022",76.24,76.01,76.28,76.01,2.42M,0.28%
"Apr 11, 2022",76.03,75.69,76.22,75.69,2.93M,0.04%
"Apr 08, 2022",76,76.13,76.17,75.85,3.40M,-0.20%
"Apr 07, 2022",76.15,76.08,76.2,75.92,3.69M,0.20%
"Apr 06, 2022",76,75.6,76.02,75.59,3.09M,0.68%
"Apr 05, 2022",75.49,75.46,75.74,75.46,3.01M,-0.32%
"Apr 04, 2022",75.72,75.9,76.11,75.61,3.17M,-0.25%
"Mar 31, 2022",75.92,76.05,76.06,75.84,3.18M,-0.32%
"Mar 30, 2022",76.16,75.88,76.21,75.85,3.67M,0.24%
"Mar 29, 2022",75.97,76.05,76.05,75.9,1.19M,-0.26%
"Mar 28, 2022",76.17,76.28,76.4,76.15,2.41M,-0.08%
"Mar 25, 2022",76.22,76.32,76.32,76.14,2.27M,-0.15%
"Mar 24, 2022",76.34,76.47,76.53,76.25,2.42M,-0.07%
"Mar 23, 2022",76.39,76.2,76.43,76.03,2.97M,0.20%
"Mar 22, 2022",76.24,76.4,76.55,76.14,3.19M,-0.04%
"Mar 21, 2022",76.27,76.08,76.29,76.01,2.53M,0.55%
"Mar 17, 2022",75.86,76.17,76.17,75.83,3.24M,-0.55%
"Mar 16, 2022",76.28,76.54,76.56,76.24,3.22M,-0.48%
"Mar 15, 2022",76.64,76.65,76.79,76.43,2.96M,-0.04%
"Mar 14, 2022",76.67,76.71,76.85,76.59,2.97M,0.05%
"Mar 11, 2022",76.64,76.48,76.85,76.39,3.38M,0.09%
"Mar 10, 2022",76.57,76.56,76.64,76.21,4.02M,-0.30%
"Mar 09, 2022",76.79,77.21,77.21,76.68,3.22M,-0.46%
"Mar 08, 2022",77.15,77.32,77.32,76.88,3.71M,-0.13%
"Mar 07, 2022",77.25,76.77,77.33,76.73,5.21M,1.16%
"Mar 04, 2022",76.36,76.3,76.41,76.15,3.49M,0.29%
"Mar 03, 2022",76.15,75.89,76.17,75.79,3.22M,0.29%
"Mar 02, 2022",75.93,75.9,76.09,75.77,4.07M,0.48%
"Feb 28, 2022",75.57,75.8,76.04,75.5,3.69M,-0.04%
"Feb 25, 2022",75.6,75.87,75.87,75.41,3.28M,0.45%
"Feb 24, 2022",75.26,74.76,75.33,74.71,1.62M,0.82%
"Feb 23, 2022",74.65,74.72,74.75,74.56,2.29M,-0.21%
"Feb 22, 2022",74.8,74.68,75.03,74.68,2.90M,0.26%
"Feb 21, 2022",74.61,74.69,74.69,74.39,2.73M,-0.15%
"Feb 18, 2022",74.71,75.1,75.15,74.64,2.91M,-0.53%
"Feb 17, 2022",75.11,75.06,75.29,75,3.07M,-0.09%
"Feb 16, 2022",75.18,75.34,75.36,75.04,3.24M,-0.25%
"Feb 15, 2022",75.37,75.68,75.79,75.34,3.25M,-0.42%
"Feb 14, 2022",75.68,75.6,75.74,75.44,3.21M,0.36%
"Feb 11, 2022",75.41,75.3,75.58,75.28,3.77M,0.47%
"Feb 10, 2022",75.06,74.94,75.17,74.94,2.47M,0.16%
"Feb 09, 2022",74.94,74.82,74.99,74.77,2.01M,0.09%
"Feb 08, 2022",74.87,74.8,74.94,74.71,2.22M,0.02%
"Feb 04, 2022",74.86,74.94,74.94,74.82,2.27M,-0.28%
"Feb 03, 2022",75.07,75,75.1,74.9,2.64M,0.13%
"Feb 02, 2022",74.97,74.99,75.21,74.86,2.97M,-0.08%
"Feb 01, 2022",75.03,74.8,75.08,74.62,3.33M,0.16%
"Jan 31, 2022",74.91,75.28,75.29,74.83,3.44M,-0.55%
"Jan 28, 2022",75.32,75.46,75.46,75.1,2.88M,0.20%
"Jan 27, 2022",75.17,74.9,75.24,74.86,1.27M,0.49%
"Jan 25, 2022",74.81,74.65,74.83,74.59,2.32M,0.23%
"Jan 24, 2022",74.64,74.4,74.72,74.37,2.36M,0.22%
"Jan 21, 2022",74.47,74.59,74.63,74.43,2.03M,-0.11%
"Jan 20, 2022",74.55,74.51,74.59,74.36,2.17M,0.08%
"Jan 19, 2022",74.49,74.7,74.81,74.46,2.65M,-0.25%
"Jan 18, 2022",74.68,74.33,74.71,74.31,2.35M,0.46%
"Jan 17, 2022",74.34,74.25,74.45,74.22,2.27M,0.17%
"Jan 14, 2022",74.21,74.09,74.31,74.02,2.60M,0.25%
"Jan 13, 2022",74.03,73.98,74.08,73.92,1.86M,-0.04%
"Jan 12, 2022",74.06,73.95,74.18,73.88,2.44M,-0.02%
"Jan 11, 2022",74.07,74.18,74.18,73.96,2.60M,-0.18%
"Jan 10, 2022",74.21,74.4,74.41,74.16,2.15M,-0.38%
"Jan 07, 2022",74.49,74.58,74.58,74.41,2.20M,-0.18%
"Jan 06, 2022",74.62,74.6,74.68,74.48,2.38M,0.08%
"Jan 05, 2022",74.56,74.74,74.8,74.49,2.35M,-0.29%
"Jan 04, 2022",74.78,74.56,74.82,74.56,2.33M,0.33%
"Jan 03, 2022",74.54,74.75,74.95,74.46,2.54M,-0.03%
"Dec 31, 2021",74.56,74.69,74.69,74.31,3.10M,-0.10%
"Dec 30, 2021",74.63,74.86,74.88,74.6,3.23M,-0.14%
"Dec 29, 2021",74.74,74.77,74.81,74.67,1.05M,0.00%
"Dec 28, 2021",74.74,75.01,75.01,74.61,2.27M,-0.36%
"Dec 27, 2021",75.01,75.07,75.19,74.96,1.89M,-0.09%
"Dec 24, 2021",75.07,75.19,75.23,75.02,1.78M,-0.28%
"Dec 23, 2021",75.28,75.46,75.54,75.25,2.05M,-0.42%
"Dec 22, 2021",75.6,75.64,75.72,75.54,1.79M,-0.05%
"Dec 21, 2021",75.64,75.93,75.93,75.46,2.74M,-0.40%
"Dec 20, 2021",75.94,76.15,76.25,75.9,2.32M,-0.22%
"Dec 17, 2021",76.11,76.25,76.35,76.06,1.83M,-0.10%
"Dec 16, 2021",76.18,76.31,76.41,76.14,2.10M,-0.29%
"Dec 15, 2021",76.4,76.06,76.46,76.06,2.71M,0.60%
"Dec 14, 2021",75.95,75.89,76.06,75.89,1.84M,0.10%
"Dec 13, 2021",75.87,75.83,75.91,75.68,1.99M,0.05%
"Dec 10, 2021",75.83,75.72,75.97,75.68,2.82M,0.17%
"Dec 09, 2021",75.7,75.58,75.72,75.55,2.00M,0.10%
"Dec 08, 2021",75.63,75.55,75.71,75.49,2.22M,0.08%
"Dec 07, 2021",75.57,75.52,75.64,75.41,2.27M,0.01%
"Dec 06, 2021",75.56,75.31,75.62,75.31,2.49M,0.37%
"Dec 03, 2021",75.29,75.21,75.36,75.12,2.14M,0.13%
"Dec 02, 2021",75.19,75.19,75.27,75.07,2.37M,0.06%
"Dec 01, 2021",75.14,75.25,75.25,75.01,2.64M,-0.30%
"Nov 30, 2021",75.37,75.21,75.41,75.07,3.15M,0.10%
"Nov 29, 2021",75.3,75.2,75.39,75.02,2.38M,0.78%
"Nov 26, 2021",74.71,74.58,74.75,74.56,1.07M,0.28%
"Nov 25, 2021",74.51,74.45,74.59,74.45,1.47M,0.10%
"Nov 24, 2021",74.43,74.46,74.6,74.34,1.73M,-0.06%
"Nov 23, 2021",74.48,74.48,74.62,74.4,1.95M,0.07%
"Nov 22, 2021",74.43,74.38,74.58,74.35,1.91M,0.13%
"Nov 18, 2021",74.34,74.28,74.38,74.06,2.74M,0.02%
"Nov 17, 2021",74.32,74.5,74.6,74.3,2.12M,-0.17%
"Nov 16, 2021",74.45,74.5,74.62,74.36,2.20M,-0.15%
"Nov 15, 2021",74.57,74.52,74.61,74.4,1.75M,0.04%
"Nov 12, 2021",74.54,74.51,74.64,74.43,2.08M,-0.06%
"Nov 11, 2021",74.58,74.52,74.7,74.51,2.03M,0.10%
"Nov 10, 2021",74.51,74.25,74.56,74.21,2.23M,0.41%
"Nov 09, 2021",74.21,74.15,74.24,74,2.26M,-0.06%
"Nov 08, 2021",74.25,74.61,74.61,74.15,2.24M,-0.49%
"Nov 04, 2021",74.61,74.69,74.73,74.6,188.24K,-0.12%
"Nov 03, 2021",74.7,74.8,74.94,74.59,2.23M,-0.34%
"Nov 02, 2021",74.95,75.01,75.12,74.76,2.01M,-0.28%
"Nov 01, 2021",75.16,75.14,75.29,75.07,2.26M,0.04%
"Oct 29, 2021",75.13,75.12,75.24,74.98,2.41M,-0.03%
"Oct 28, 2021",75.15,75.28,75.29,75.02,2.23M,0.27%
"Oct 27, 2021",74.95,74.98,75.07,74.92,1.15M,-0.02%
"Oct 26, 2021",74.96,75.08,75.18,74.92,1.86M,-0.17%
"Oct 25, 2021",75.1,74.93,75.14,74.9,2.20M,0.26%
"Oct 22, 2021",74.9,74.89,74.96,74.72,2.26M,0.02%
"Oct 21, 2021",74.88,74.93,74.97,74.72,2.46M,-0.10%
"Oct 20, 2021",74.96,75.22,75.26,74.88,2.75M,-0.61%
"Oct 18, 2021",75.42,75.25,75.45,75.14,2.03M,0.11%
"Oct 14, 2021",75.34,75.39,75.44,75.26,2.15M,-0.19%
"Oct 13, 2021",75.48,75.53,75.61,75.27,3.05M,-0.16%
"Oct 12, 2021",75.6,75.64,75.79,75.27,3.32M,0.14%
"Oct 11, 2021",75.5,75.15,75.52,75.15,2.34M,0.51%
"Oct 08, 2021",75.12,75,75.29,74.96,3.13M,0.33%
"Oct 07, 2021",74.87,74.92,75.06,74.82,2.62M,-0.42%
"Oct 06, 2021",75.18,74.69,75.22,74.69,3.02M,0.68%
"Oct 05, 2021",74.68,74.65,74.82,74.57,2.35M,0.26%
"Oct 04, 2021",74.48,74.29,74.58,74.29,1.96M,0.25%
"Oct 01, 2021",74.3,74.49,74.54,74.25,2.06M,-0.27%
"Sep 30, 2021",74.5,74.4,74.55,74.37,2.18M,0.08%
"Sep 29, 2021",74.43,74.33,74.48,74.29,2.59M,0.90%
"Sep 28, 2021",73.77,73.85,73.95,73.73,882.88K,-0.08%
"Sep 27, 2021",73.83,73.77,73.88,73.62,2.12M,0.07%
"Sep 24, 2021",73.78,73.76,73.84,73.63,1.71M,0.04%
"Sep 23, 2021",73.75,73.85,73.94,73.63,2.13M,-0.25%
"Sep 22, 2021",73.93,73.73,73.98,73.7,1.91M,0.29%
"Sep 21, 2021",73.71,73.8,73.8,73.62,1.36M,-0.03%
"Sep 20, 2021",73.73,73.88,73.9,73.68,1.97M,0.21%
"Sep 17, 2021",73.57,73.6,73.64,73.48,1.44M,-0.03%
"Sep 16, 2021",73.6,73.61,73.65,73.41,1.80M,0.02%
"Sep 15, 2021",73.58,73.74,73.83,73.52,1.85M,-0.29%
"Sep 14, 2021",73.8,73.72,73.82,73.66,1.46M,-0.07%
"Sep 13, 2021",73.85,73.6,73.88,73.6,1.78M,0.24%
"Sep 09, 2021",73.67,73.75,73.96,73.59,2.29M,0.00%
"Sep 08, 2021",73.68,73.57,73.81,73.55,2.23M,0.17%
"Sep 07, 2021",73.55,73.22,73.59,73.18,1.88M,0.44%
"Sep 06, 2021",73.23,73.1,73.27,73.1,1.03M,0.07%
"Sep 03, 2021",73.18,73.2,73.32,73.13,1.36M,-0.04%
"Sep 02, 2021",73.21,73.26,73.29,73.11,1.57M,-0.09%
"Sep 01, 2021",73.27,73.14,73.35,73.11,1.93M,0.14%
"Aug 31, 2021",73.17,73.54,73.54,73.14,2.34M,-0.47%
"Aug 30, 2021",73.51,73.8,73.8,73.41,2.26M,-0.84%
"Aug 27, 2021",74.13,74.01,74.21,74.01,793.81K,-0.13%
"Aug 26, 2021",74.23,74.25,74.29,74.2,1.31M,-0.07%
"Aug 25, 2021",74.28,74.22,74.33,74.19,1.12M,0.06%
"Aug 24, 2021",74.23,74.2,74.26,74.13,1.19M,0.00%
"Aug 23, 2021",74.23,74.4,74.4,74.21,1.39M,-0.26%
"Aug 20, 2021",74.42,74.44,74.53,74.4,1.49M,0.13%
"Aug 18, 2021",74.32,74.43,74.43,74.3,1.11M,-0.16%
"Aug 17, 2021",74.44,74.35,74.5,74.29,1.40M,0.09%
"Aug 13, 2021",74.37,74.36,74.42,74.33,1.10M,0.01%
"Aug 12, 2021",74.36,74.38,74.45,74.33,1.39M,-0.25%
"Aug 11, 2021",74.55,74.57,74.62,74.51,1.28M,0.06%
"Aug 10, 2021",74.51,74.51,74.62,74.47,1.62M,0.11%
"Aug 09, 2021",74.42,74.44,74.45,74.32,1.22M,0.17%
"Aug 06, 2021",74.29,74.29,74.39,74.24,1.59M,0.02%
"Aug 05, 2021",74.28,74.34,74.45,74.25,1.75M,-0.08%
"Aug 04, 2021",74.34,74.34,74.43,74.26,2.09M,-0.14%
"Aug 03, 2021",74.44,74.58,74.58,74.4,1.28M,-0.15%
"Aug 02, 2021",74.56,74.55,74.63,74.5,1.63M,-0.05%
"Jul 30, 2021",74.6,74.5,74.65,74.41,1.63M,0.14%
"Jul 29, 2021",74.49,74.45,74.61,74.44,1.34M,0.07%
"Jul 28, 2021",74.43,74.46,74.51,74.42,1.01M,-0.06%
"Jul 27, 2021",74.48,74.38,74.56,74.35,1.79M,0.04%
"Jul 26, 2021",74.45,74.39,74.54,74.39,1.35M,-0.02%
"Jul 23, 2021",74.46,74.5,74.61,74.4,1.43M,-0.08%
"Jul 22, 2021",74.52,74.56,74.56,74.36,2.41M,-0.24%
"Jul 20, 2021",74.71,74.99,75.03,74.62,2.50M,-0.45%
"Jul 19, 2021",75.04,74.88,75.1,74.78,1.93M,0.45%
"Jul 16, 2021",74.71,74.6,74.75,74.6,1.67M,0.08%
"Jul 15, 2021",74.65,74.66,74.67,74.56,1.66M,-0.01%
"Jul 14, 2021",74.66,74.68,74.77,74.64,1.50M,0.06%
"Jul 13, 2021",74.61,74.7,74.7,74.54,1.65M,-0.18%
"Jul 12, 2021",74.75,74.68,74.79,74.54,2.01M,-0.04%
"Jul 09, 2021",74.78,74.94,74.94,74.71,1.58M,-0.23%
"Jul 08, 2021",74.95,74.85,75,74.8,2.21M,0.17%
"Jul 07, 2021",74.82,74.82,74.96,74.75,2.21M,0.17%
"Jul 06, 2021",74.69,74.46,74.81,74.43,2.13M,0.29%
"Jul 05, 2021",74.48,74.8,74.8,74.46,2.00M,-0.58%
"Jul 02, 2021",74.91,74.8,75.08,74.79,2.17M,0.22%
"Jul 01, 2021",74.75,74.55,74.84,74.53,1.69M,0.29%
"Jun 30, 2021",74.54,74.5,74.68,74.41,1.96M,0.05%
"Jun 29, 2021",74.5,74.44,74.53,74.42,1.28M,0.40%
"Jun 28, 2021",74.2,74.18,74.29,74.18,1.06M,-0.03%
"Jun 25, 2021",74.22,74.21,74.26,74.15,1.64M,0.02%
"Jun 24, 2021",74.21,74.25,74.29,74.15,1.62M,-0.14%
"Jun 23, 2021",74.31,74.38,74.44,74.2,2.09M,-0.08%
"Jun 22, 2021",74.37,74.25,74.46,74.1,2.15M,0.23%
"Jun 21, 2021",74.2,74.17,74.38,74.11,2.47M,0.26%
"Jun 18, 2021",74,74.35,74.36,73.89,3.06M,-0.30%
"Jun 17, 2021",74.22,73.69,74.33,73.65,3.66M,1.10%
"Jun 16, 2021",73.42,73.44,73.48,73.28,1.27M,-0.02%
"Jun 15, 2021",73.43,73.36,73.45,73.27,1.35M,0.11%
"Jun 14, 2021",73.36,73.15,73.45,73.15,1.47M,0.22%
"Jun 11, 2021",73.19,72.98,73.22,72.98,1.41M,-0.01%
"Jun 10, 2021",73.2,73.09,73.25,73.06,1.39M,0.14%
"Jun 09, 2021",73.1,73.04,73.18,73.02,1.50M,0.10%
"Jun 08, 2021",73.03,73,73.07,72.9,1.49M,0.07%
"Jun 07, 2021",72.97,73.25,73.25,72.9,1.55M,-0.28%
"Jun 04, 2021",73.18,73.15,73.29,73.11,2.18M,0.09%
"Jun 03, 2021",73.12,73,73.4,72.8,2.09M,-0.37%
"Jun 02, 2021",73.39,73.25,73.56,73.14,2.49M,0.31%
"Jun 01, 2021",73.17,72.88,73.22,72.78,2.13M,0.37%
"May 31, 2021",72.89,72.8,72.97,72.67,1.88M,0.11%
"May 28, 2021",72.82,73.01,73.01,72.66,3.17M,0.24%
"May 27, 2021",72.64,72.82,72.82,72.61,1.37M,-0.28%
"May 25, 2021",72.84,72.86,72.94,72.8,1.94M,-0.18%
"May 24, 2021",72.97,72.85,73.04,72.85,1.67M,0.14%
"May 21, 2021",72.87,73.1,73.16,72.84,2.18M,-0.42%
"May 20, 2021",73.18,73.25,73.31,73.15,1.43M,-0.12%
"May 19, 2021",73.26,73.18,73.29,73.03,1.56M,0.12%
"May 18, 2021",73.18,73.37,73.38,73.06,1.85M,-0.36%
"May 17, 2021",73.44,73.46,73.46,73.27,1.18M,0.00%
"May 14, 2021",73.43,73.6,73.61,73.36,1.51M,-0.21%
"May 12, 2021",73.59,73.53,73.68,73.53,1.33M,0.07%
"May 11, 2021",73.54,73.6,73.74,73.47,1.62M,-0.01%
"May 10, 2021",73.55,73.58,73.68,73.48,1.91M,-0.16%
"May 07, 2021",73.66,73.87,73.96,73.64,2.15M,-0.42%
"May 06, 2021",73.97,74.22,74.25,73.94,2.02M,-0.30%
"May 05, 2021",74.19,74.3,74.37,74.18,2.13M,-0.08%
"May 04, 2021",74.26,74.3,74.46,74.22,2.08M,-0.10%
"May 03, 2021",74.33,74.53,74.68,74.31,2.38M,-0.07%
"Apr 30, 2021",74.39,74.39,74.48,74.25,2.43M,0.02%
"Apr 29, 2021",74.37,74.64,74.64,74.24,2.39M,-0.04%
"Apr 28, 2021",74.4,74.64,74.69,74.38,931.38K,-0.31%
"Apr 27, 2021",74.64,74.81,74.82,74.54,2.48M,-0.20%
"Apr 26, 2021",74.79,74.85,74.95,74.71,2.23M,-0.35%
"Apr 23, 2021",75.05,75.13,75.24,74.79,2.83M,-0.04%
"Apr 22, 2021",75.07,75.32,75.46,74.87,3.01M,-0.06%
"Apr 20, 2021",75.12,74.85,75.18,74.56,2.75M,0.21%
"Apr 19, 2021",74.96,74.61,75.16,74.61,3.45M,0.59%
"Apr 16, 2021",74.52,75.12,75.2,74.42,3.53M,-0.92%
"Apr 15, 2021",75.21,75.1,75.5,75.03,3.56M,0.00%
"Apr 12, 2021",75.21,74.99,75.45,74.86,4.53M,0.53%
"Apr 09, 2021",74.82,74.81,75.12,74.67,4.18M,-0.02%
"Apr 08, 2021",74.83,74.78,75.14,74.36,4.06M,0.34%
"Apr 07, 2021",74.58,73.48,74.78,73.48,5.08M,1.25%
"Apr 06, 2021",73.67,73.48,73.7,73.42,1.76M,0.16%
"Apr 05, 2021",73.55,73.47,73.69,73.47,2.18M,0.18%
"Mar 31, 2021",73.42,73.75,73.87,73.28,3.80M,-0.61%
"Mar 30, 2021",73.87,73,73.91,73,4.07M,2.02%
"Mar 26, 2021",72.4,72.64,72.64,72.4,1.28M,-0.30%
"Mar 25, 2021",72.62,72.68,72.74,72.58,1.56M,-0.08%
"Mar 24, 2021",72.68,72.65,72.8,72.6,1.88M,0.19%
"Mar 23, 2021",72.54,72.43,72.61,72.36,2.65M,0.18%
"Mar 22, 2021",72.41,72.56,72.6,72.39,2.43M,-0.23%
"Mar 19, 2021",72.58,72.7,72.76,72.55,1.68M,-0.01%
"Mar 18, 2021",72.59,72.5,72.72,72.45,1.88M,-0.10%
"Mar 17, 2021",72.67,72.79,72.79,72.61,1.53M,0.06%
"Mar 16, 2021",72.62,72.56,72.78,72.49,1.95M,0.00%
"Mar 15, 2021",72.62,72.9,72.92,72.51,1.87M,-0.38%
"Mar 12, 2021",72.9,72.94,73.01,72.77,2.26M,-0.35%
"Mar 10, 2021",73.15,73.01,73.27,73,2.18M,0.02%
"Mar 09, 2021",73.14,73.54,73.54,73.09,2.54M,-0.34%
"Mar 08, 2021",73.39,73.35,73.51,73.13,2.50M,0.12%
"Mar 05, 2021",73.31,73.2,73.35,72.95,2.49M,0.44%
"Mar 04, 2021",72.99,73.25,73.35,72.81,2.64M,-0.17%
"Mar 03, 2021",73.11,73.56,73.58,72.95,2.79M,-0.68%
"Mar 02, 2021",73.61,73.78,73.79,73.58,1.90M,-0.20%
"Mar 01, 2021",73.76,73.98,74.1,73.48,3.42M,-0.58%
"Feb 26, 2021",74.19,73.15,74.34,73.15,7.92M,2.02%
"Feb 25, 2021",72.72,72.63,72.81,72.57,1.99M,0.60%
"Feb 24, 2021",72.29,72.39,72.43,72.31,1.01M,-0.34%
"Feb 23, 2021",72.54,72.49,72.57,72.34,2.06M,0.10%
"Feb 22, 2021",72.47,72.62,72.63,72.32,2.64M,-0.22%
"Feb 18, 2021",72.63,72.81,72.85,72.61,1.34M,-0.24%
"Feb 17, 2021",72.8,72.93,73,72.77,2.06M,0.02%
"Feb 16, 2021",72.79,72.67,72.88,72.67,1.77M,0.09%
"Feb 15, 2021",72.72,72.69,72.78,72.61,1.78M,0.01%
"Feb 12, 2021",72.71,72.92,72.94,72.66,1.47M,-0.33%
"Feb 11, 2021",72.96,72.92,72.98,72.74,1.84M,0.03%
"Feb 10, 2021",72.93,73.03,73.03,72.91,1.25M,-0.14%
"Feb 09, 2021",73.04,72.92,73.07,72.92,1.52M,-0.09%
"Feb 08, 2021",73.1,73.09,73.19,72.95,1.59M,0.04%
"Feb 05, 2021",73.07,73.11,73.18,72.94,1.72M,-0.11%
"Feb 04, 2021",73.15,73.11,73.17,73.02,1.76M,0.03%
"Feb 03, 2021",73.13,73.18,73.19,73.1,1.31M,-0.12%
"Feb 02, 2021",73.21,73.26,73.29,73.11,1.90M,-0.15%
"Feb 01, 2021",73.32,73.16,73.36,73.06,2.73M,0.21%
"Jan 29, 2021",73.17,73.19,73.25,73.14,2.07M,-0.15%
"Jan 28, 2021",73.28,73.29,73.42,73.15,1.78M,0.63%
"Jan 27, 2021",72.82,73,73,72.81,1.28M,-0.17%
"Jan 25, 2021",72.94,72.99,73.01,72.91,1.70M,-0.03%
"Jan 22, 2021",72.96,73.04,73.19,72.94,1.43M,-0.09%
"Jan 21, 2021",73.03,72.98,73.06,72.93,1.80M,-0.07%
"Jan 20, 2021",73.08,73.23,73.25,73.03,1.31M,-0.17%
"Jan 19, 2021",73.2,73.25,73.39,73.17,1.42M,-0.19%
"Jan 18, 2021",73.34,73.24,73.41,73.21,1.33M,0.25%
"Jan 15, 2021",73.16,73.19,73.27,73.1,1.67M,0.04%
"Jan 14, 2021",73.13,73.29,73.32,73.05,1.88M,-0.25%
"Jan 13, 2021",73.31,73.3,73.36,73.22,1.50M,-0.10%
"Jan 12, 2021",73.38,73.65,73.65,73.33,1.68M,-0.22%
"Jan 11, 2021",73.54,73.58,73.65,73.5,1.63M,0.21%
"Jan 08, 2021",73.39,73.51,73.61,73.35,1.88M,-0.21%
"Jan 07, 2021",73.54,73.25,73.56,73.23,1.77M,0.42%
"Jan 06, 2021",73.24,73.39,73.39,73.22,1.48M,-0.21%
"Jan 05, 2021",73.39,73.18,73.46,73.15,1.65M,0.27%
"Jan 04, 2021",73.19,73.8,73.8,73.07,1.68M,-0.15%
"Jan 01, 2021",73.3,73.15,73.39,73.02,762.38K,0.04%
"Dec 31, 2020",73.27,73.35,73.39,73.22,3.03M,-0.19%
"Dec 30, 2020",73.41,73.55,73.6,73.38,1.45M,0.06%
"Dec 29, 2020",73.37,73.58,73.58,73.22,1.45M,-0.28%
"Dec 28, 2020",73.57,73.56,73.65,73.49,1.38M,0.01%
"Dec 24, 2020",73.57,73.74,73.76,73.53,1.56M,-0.22%
"Dec 23, 2020",73.72,73.99,74.01,73.7,1.30M,-0.29%
"Dec 22, 2020",73.94,73.99,74.05,73.9,1.53M,-0.22%
"Dec 21, 2020",74.1,73.68,74.22,73.64,2.57M,0.67%
"Dec 18, 2020",73.61,73.64,73.68,73.56,1.75M,-0.07%
"Dec 17, 2020",73.66,73.61,73.67,73.46,2.74M,-0.03%
"Dec 16, 2020",73.68,73.62,73.72,73.55,2.44M,0.01%
"Dec 15, 2020",73.68,73.67,73.78,73.66,1.31M,0.03%
"Dec 14, 2020",73.65,73.82,73.84,73.58,1.64M,-0.27%
"Dec 11, 2020",73.86,73.81,73.89,73.67,1.76M,0.06%
"Dec 10, 2020",73.81,73.81,73.9,73.75,1.43M,0.12%
"Dec 09, 2020",73.72,73.78,73.82,73.67,1.34M,-0.02%
"Dec 08, 2020",73.74,74.04,74.04,73.68,1.81M,-0.43%
"Dec 07, 2020",74.06,73.88,74.13,73.85,1.84M,0.23%
"Dec 04, 2020",73.89,74.02,74.04,73.86,1.94M,-0.28%
"Dec 03, 2020",74.1,73.93,74.18,73.86,2.91M,0.13%
"Dec 02, 2020",74,73.76,74.04,73.61,3.98M,0.17%
"Dec 01, 2020",73.88,74.2,74.2,73.65,3.73M,-0.44%
"Nov 27, 2020",74.2,74.03,74.28,73.95,2.71M,0.17%
"Nov 26, 2020",74.08,74.05,74.12,73.94,2.19M,0.14%
"Nov 25, 2020",73.98,74,74.05,73.94,729.51K,-0.08%
"Nov 24, 2020",74.03,74.15,74.19,73.87,2.36M,-0.07%
"Nov 23, 2020",74.08,74.08,74.23,74.05,1.70M,-0.12%
"Nov 20, 2020",74.18,74.19,74.22,74.1,2.02M,-0.14%
"Nov 19, 2020",74.29,74.38,74.38,74.24,1.77M,0.06%
"Nov 18, 2020",74.24,74.51,74.58,74.12,3.08M,-0.35%
"Nov 17, 2020",74.5,74.47,74.68,74.4,2.35M,-0.18%
"Nov 14, 2020",74.63,74.63,74.65,74.61,63.11K,-0.04%
"Nov 13, 2020",74.67,74.71,74.78,74.53,2.34M,-0.04%
"Nov 12, 2020",74.69,74.57,74.82,74.44,2.54M,0.29%
"Nov 11, 2020",74.48,74.29,74.5,74.26,2.03M,0.13%
"Nov 10, 2020",74.38,74.1,74.42,74.09,2.73M,0.21%
"Nov 09, 2020",74.23,74.05,74.26,73.92,2.41M,-0.05%
"Nov 06, 2020",74.26,74.1,74.4,73.98,3.13M,0.04%
"Nov 05, 2020",74.23,74.42,74.54,74.21,2.87M,-0.74%
"Nov 04, 2020",74.78,74.9,75.04,74.71,3.22M,0.35%
"Nov 03, 2020",74.52,74.56,74.59,74.39,1.79M,-0.09%
"Nov 02, 2020",74.59,74.56,74.66,74.42,2.09M,-0.02%
"Oct 29, 2020",74.61,74.22,74.64,74.09,2.81M,0.72%
"Oct 28, 2020",74.07,73.87,74.1,73.81,1.83M,0.44%
"Oct 27, 2020",73.75,73.92,74.03,73.72,1.01M,-0.36%
"Oct 26, 2020",74.01,73.72,74.04,73.69,2.32M,0.49%
"Oct 23, 2020",73.65,73.69,73.69,73.48,1.74M,-0.04%
"Oct 22, 2020",73.68,73.72,73.82,73.54,1.80M,-0.12%
"Oct 21, 2020",73.77,73.5,73.79,73.39,1.98M,0.35%
"Oct 20, 2020",73.51,73.39,73.54,73.34,1.86M,0.19%
"Oct 19, 2020",73.38,73.41,73.48,73.36,1.14M,-0.06%
"Oct 16, 2020",73.42,73.51,73.51,73.33,1.50M,-0.12%
"Oct 15, 2020",73.51,73.4,73.54,73.28,1.62M,0.16%
"Oct 14, 2020",73.39,73.41,73.54,73.32,1.93M,0.02%
"Oct 13, 2020",73.38,73.49,73.53,73.36,1.47M,-0.05%
"Oct 12, 2020",73.41,73.21,73.5,73.14,1.84M,0.22%
"Oct 09, 2020",73.25,73.74,73.74,73.12,2.56M,-0.17%
"Oct 08, 2020",73.37,73.47,73.5,73.32,1.56M,-0.15%
"Oct 07, 2020",73.48,73.69,73.77,73.42,2.09M,-0.17%
"Oct 06, 2020",73.61,73.32,73.64,73.23,2.06M,0.27%
"Oct 05, 2020",73.41,73.29,73.57,73.21,1.99M,0.09%
"Oct 01, 2020",73.34,73.7,73.79,73.19,3.08M,-0.80%
"Sep 30, 2020",73.93,73.96,74.04,73.86,1.84M,-0.08%
"Sep 29, 2020",73.99,73.9,74.12,73.9,1.50M,0.57%
"Sep 28, 2020",73.57,73.68,73.7,73.51,916.89K,-0.20%
"Sep 25, 2020",73.72,73.75,73.89,73.58,1.83M,-0.22%
"Sep 24, 2020",73.88,73.71,73.98,73.67,2.39M,0.50%
"Sep 23, 2020",73.52,73.55,73.67,73.47,1.75M,0.03%
"Sep 22, 2020",73.5,73.57,73.68,73.43,2.01M,-0.12%
"Sep 21, 2020",73.58,73.51,73.62,73.31,1.80M,0.14%
"Sep 18, 2020",73.48,73.61,73.65,73.21,2.72M,-0.32%
"Sep 17, 2020",73.71,73.71,73.86,73.67,1.80M,0.11%
"Sep 16, 2020",73.63,73.71,73.86,73.56,1.98M,-0.11%
"Sep 15, 2020",73.71,73.54,73.84,73.4,2.12M,0.17%
"Sep 14, 2020",73.58,73.64,74.19,73.36,2.01M,-0.09%
"Sep 11, 2020",73.65,73.56,73.73,73.51,1.81M,0.11%
"Sep 10, 2020",73.57,73.63,73.64,73.14,2.58M,-0.21%
"Sep 09, 2020",73.73,73.85,73.98,73.61,2.16M,-0.35%
"Sep 08, 2020",73.99,73.63,74.07,73.53,2.75M,0.51%
"Sep 07, 2020",73.61,73.24,73.64,73.17,1.86M,0.42%
"Sep 04, 2020",73.3,73.72,73.78,73.17,2.45M,-0.51%
"Sep 03, 2020",73.68,73.36,73.7,73.32,2.15M,0.45%
"Sep 02, 2020",73.35,73.19,73.4,73.09,2.30M,0.26%
"Sep 01, 2020",73.16,73.47,73.5,72.92,2.69M,-0.38%
"Aug 31, 2020",73.44,73.46,73.91,73.22,3.31M,-0.09%
"Aug 28, 2020",73.5,74.07,74.1,73.46,3.36M,-1.10%
"Aug 27, 2020",74.33,74.3,74.37,74.14,780.63K,0.07%
"Aug 26, 2020",74.28,74.28,74.47,74.23,1.57M,0.02%
"Aug 25, 2020",74.26,74.14,74.53,74.07,2.08M,0.13%
"Aug 24, 2020",74.16,74.98,74.99,74.03,2.21M,-1.01%
"Aug 21, 2020",74.92,75.03,75.15,74.87,1.22M,-0.32%
"Aug 20, 2020",75.16,75,75.18,74.96,1.44M,0.34%
"Aug 19, 2020",74.9,74.89,74.98,74.69,1.47M,0.23%
"Aug 18, 2020",74.73,74.89,74.95,74.71,1.49M,-0.28%
"Aug 17, 2020",74.93,74.95,74.99,74.86,943.61K,-0.11%
"Aug 14, 2020",75.02,74.99,75.06,74.83,1.49M,0.13%
"Aug 13, 2020",74.92,74.91,75.01,74.86,1.13M,0.02%
"Aug 12, 2020",74.9,74.82,75.04,74.82,1.67M,0.15%
"Aug 11, 2020",74.79,75,75.02,74.71,1.33M,-0.38%
"Aug 10, 2020",75.08,75.2,75.2,74.99,919.83K,-0.05%
"Aug 07, 2020",75.11,75.12,75.25,75.04,1.27M,-0.01%
"Aug 06, 2020",75.12,75.01,75.15,74.92,1.63M,0.14%
"Aug 05, 2020",75.01,75.1,75.2,74.85,1.60M,-0.35%
"Aug 04, 2020",75.28,75.36,75.4,75.15,1.52M,-0.22%
"Aug 03, 2020",75.44,75.1,75.49,75.06,1.65M,0.58%
"Jul 31, 2020",75.01,75.01,75.08,74.87,1.52M,-0.10%
"Jul 30, 2020",75.08,74.99,75.13,74.94,1.24M,0.43%
"Jul 29, 2020",74.77,74.84,74.89,74.74,708.12K,-0.10%
"Jul 28, 2020",74.85,74.74,74.9,74.71,1.54M,0.03%
"Jul 27, 2020",74.82,74.69,74.9,74.56,1.28M,-0.05%
"Jul 24, 2020",74.86,74.94,74.99,74.81,1.46M,0.02%
"Jul 23, 2020",74.84,74.65,74.89,74.61,1.54M,0.29%
"Jul 22, 2020",74.62,74.63,74.92,74.55,1.69M,-0.09%
"Jul 21, 2020",74.69,74.77,74.93,74.67,1.61M,-0.20%
"Jul 20, 2020",74.84,75,75.1,74.82,1.26M,-0.30%
"Jul 17, 2020",75.07,75.34,75.35,75.04,1.34M,-0.34%
"Jul 16, 2020",75.32,75.23,75.39,75.23,1.24M,0.12%
"Jul 15, 2020",75.23,75.45,75.48,75.19,1.59M,-0.36%
"Jul 14, 2020",75.5,75.35,75.63,75.35,1.78M,0.28%
"Jul 13, 2020",75.29,75.35,75.35,75.21,1.18M,-0.12%
"Jul 10, 2020",75.38,75.13,75.46,75.13,1.50M,0.35%
"Jul 09, 2020",75.12,75.12,75.22,75.03,1.46M,-0.09%
"Jul 08, 2020",75.19,75.05,75.25,74.97,1.53M,0.18%
"Jul 07, 2020",75.06,74.85,75.14,74.76,1.70M,0.37%
"Jul 06, 2020",74.78,74.77,74.98,74.6,2.12M,-0.08%
"Jul 03, 2020",74.84,74.84,75.18,74.72,2.29M,-0.07%
"Jul 02, 2020",74.89,75.65,75.7,74.82,2.34M,-1.20%
"Jul 01, 2020",75.8,75.71,75.82,75.68,874.67K,0.02%
"Jun 30, 2020",75.79,75.69,75.81,75.63,1.17M,0.12%
"Jun 29, 2020",75.69,75.82,75.89,75.68,1.19M,0.29%
"Jun 26, 2020",75.48,75.61,75.61,75.44,727.75K,-0.20%
"Jun 25, 2020",75.63,75.71,75.8,75.56,1.50M,-0.03%
"Jun 24, 2020",75.65,75.6,75.79,75.56,1.54M,0.03%
"Jun 23, 2020",75.62,75.9,75.94,75.55,2.09M,-0.57%
"Jun 22, 2020",76.06,76.25,76.28,76.02,1.27M,-0.25%
"Jun 19, 2020",76.25,76.3,76.4,76.2,1.30M,0.11%
"Jun 18, 2020",76.16,76.25,76.32,76.11,1.56M,-0.12%
"Jun 17, 2020",76.25,76.36,76.45,76.18,2.06M,0.10%
"Jun 16, 2020",76.18,76,76.4,75.85,2.47M,0.00%
"Jun 15, 2020",76.17,75.94,76.25,75.94,1.87M,0.30%
"Jun 12, 2020",75.94,76.18,76.25,75.88,2.09M,0.09%
"Jun 11, 2020",75.88,75.71,75.98,75.71,1.92M,0.30%
"Jun 10, 2020",75.65,75.64,75.72,75.53,1.46M,-0.12%
"Jun 09, 2020",75.74,75.75,76.42,75.54,1.55M,0.07%
"Jun 08, 2020",75.69,75.6,75.81,75.54,1.49M,-0.16%
"Jun 05, 2020",75.81,75.55,75.85,75.48,1.89M,0.09%
"Jun 04, 2020",75.74,75.6,75.8,75.41,1.82M,0.06%
"Jun 03, 2020",75.69,75.35,75.71,75.18,2.70M,0.48%
"Jun 02, 2020",75.33,75.75,75.83,75.22,1.92M,-0.54%
"Jun 01, 2020",75.74,75.58,75.79,75.45,2.12M,-0.06%
"May 29, 2020",75.79,75.95,75.95,75.66,1.52M,-0.30%
"May 28, 2020",76.01,75.91,76.11,75.9,1.58M,0.48%
"May 27, 2020",75.65,75.65,75.74,75.56,949.06K,-0.03%
"May 26, 2020",75.67,75.8,75.89,75.62,1.82M,-0.30%
"May 22, 2020",75.9,75.65,76.02,75.61,2.00M,0.49%
"May 21, 2020",75.53,75.61,75.82,75.48,1.81M,-0.26%
"May 20, 2020",75.72,75.48,75.91,75.48,1.51M,0.07%
"May 19, 2020",75.67,75.83,75.86,75.61,1.77M,-0.52%
"May 18, 2020",76.07,75.84,76.14,75.75,1.62M,0.24%
"May 15, 2020",75.88,75.57,75.92,75.47,1.64M,0.32%
"May 14, 2020",75.64,75.5,75.69,75.44,1.76M,0.33%
"May 13, 2020",75.39,75.11,75.61,75.11,1.96M,0.00%
"May 12, 2020",75.39,76.06,76.09,75.35,2.24M,-0.72%
"May 11, 2020",75.94,75.71,75.96,75.61,1.44M,0.27%
"May 08, 2020",75.74,75.75,75.85,75.3,2.08M,-0.39%
"May 06, 2020",76.03,75.9,76.1,75.78,1.61M,0.12%
"May 05, 2020",75.94,75.75,76.07,75.65,1.64M,0.13%
"May 04, 2020",75.85,75.75,76.02,75.75,1.68M,0.76%
"Apr 30, 2020",75.28,75.55,75.55,75.08,2.54M,-0.85%
"Apr 29, 2020",75.92,76.16,76.3,75.81,1.88M,-0.59%
"Apr 28, 2020",76.37,76.11,76.44,76.11,845.72K,0.21%
"Apr 27, 2020",76.21,76.25,76.35,76.03,1.91M,-0.10%
"Apr 24, 2020",76.29,76.12,76.5,76.01,1.85M,0.22%
"Apr 23, 2020",76.12,76.44,76.49,75.98,2.27M,-0.51%
"Apr 22, 2020",76.51,76.96,77.06,76.46,1.81M,-0.67%
"Apr 21, 2020",77.02,76.75,77.07,76.65,1.79M,0.52%
"Apr 20, 2020",76.63,76.57,76.76,76.43,1.67M,0.10%
"Apr 17, 2020",76.55,76.74,76.82,76.38,2.16M,-0.62%
"Apr 16, 2020",77.03,76.75,77.07,76.72,1.64M,0.41%
"Apr 15, 2020",76.72,76.18,76.75,76,2.16M,0.39%
"Apr 13, 2020",76.42,76.63,76.67,76.36,1.78M,-0.26%
"Apr 09, 2020",76.62,76.5,76.79,76.33,1.69M,-0.09%
"Apr 08, 2020",76.68,76.22,76.73,76.13,1.71M,0.76%
"Apr 07, 2020",76.11,76.3,76.67,75.98,1.79M,-0.77%
"Apr 03, 2020",76.7,76.2,76.8,76.2,2.80M,1.17%
"Mar 31, 2020",75.82,75.89,76.1,75.52,1.99M,-0.19%
"Mar 30, 2020",75.96,75.87,76.18,75.33,2.03M,1.49%
"Mar 27, 2020",74.84,74.75,74.82,74.33,1.39M,-0.34%
"Mar 26, 2020",75.1,76.16,76.25,75.06,2.12M,-1.39%
"Mar 24, 2020",76.17,76.08,76.49,76.05,1.54M,-0.01%
"Mar 23, 2020",76.17,75.47,76.48,75.46,3.12M,1.28%
"Mar 20, 2020",75.21,75.03,75.25,74.81,3.63M,0.01%
"Mar 19, 2020",75.2,75.05,75.42,74.9,5.38M,1.07%
"Mar 18, 2020",74.4,74.24,74.56,74.06,2.69M,-0.04%
"Mar 17, 2020",74.43,74.01,74.49,74.01,2.41M,-0.05%
"Mar 16, 2020",74.46,74.07,74.56,73.95,2.72M,0.45%
"Mar 13, 2020",74.13,74.65,74.74,74.01,2.92M,-0.43%
"Mar 12, 2020",74.45,74.35,74.54,74.29,3.32M,0.86%
"Mar 11, 2020",73.81,74.25,74.26,73.76,3.29M,-0.69%
"Mar 09, 2020",74.32,74.38,74.5,74.11,2.93M,0.52%
"Mar 06, 2020",73.94,74.1,74.29,73.74,4.32M,0.55%
"Mar 05, 2020",73.54,73.6,73.79,73.26,3.24M,0.02%
"Mar 04, 2020",73.52,73.3,73.9,73.13,4.75M,0.02%
"Mar 03, 2020",73.51,72.74,73.6,72.66,4.92M,0.86%
"Mar 02, 2020",72.89,72.36,73.01,72.25,4.25M,0.67%
"Feb 28, 2020",72.4,72.03,72.51,71.95,5.40M,0.85%
"Feb 27, 2020",71.79,71.88,71.93,71.75,1.68M,0.08%
"Feb 26, 2020",71.73,71.85,71.85,71.75,1.17M,-0.23%
"Feb 25, 2020",71.89,71.85,71.93,71.8,1.79M,-0.14%
"Feb 24, 2020",72,71.97,72.04,71.79,1.92M,0.46%
"Feb 20, 2020",71.67,71.8,71.84,71.56,2.45M,0.15%
"Feb 18, 2020",71.56,71.45,71.59,71.4,1.63M,0.30%
"Feb 17, 2020",71.34,71.48,71.54,71.32,1.15M,-0.12%
"Feb 14, 2020",71.43,71.37,71.47,71.35,1.31M,0.04%
"Feb 13, 2020",71.4,71.42,71.56,71.38,1.58M,-0.05%
"Feb 12, 2020",71.43,71.33,71.46,71.29,1.34M,0.06%
"Feb 11, 2020",71.39,71.4,71.42,71.29,1.36M,-0.05%
"Feb 10, 2020",71.42,71.5,71.55,71.38,1.36M,-0.14%
"Feb 07, 2020",71.52,71.33,71.61,71.3,1.71M,0.35%
"Feb 06, 2020",71.27,71.35,71.43,71.23,1.85M,-0.14%
"Feb 05, 2020",71.37,71.45,71.45,71.29,2.04M,-0.08%
"Feb 04, 2020",71.43,71.49,71.49,71.24,1.75M,-0.13%
"Feb 03, 2020",71.52,71.75,71.85,71.49,1.68M,-0.06%
"Jan 31, 2020",71.56,71.64,71.7,71.46,1.83M,-0.16%
"Jan 30, 2020",71.68,71.45,71.81,71.45,1.96M,0.68%
"Jan 29, 2020",71.19,71.2,71.25,71.17,764.91K,-0.23%
"Jan 28, 2020",71.35,71.46,71.46,71.27,1.61M,-0.15%
"Jan 27, 2020",71.46,71.41,71.52,71.37,1.19M,0.16%
"Jan 24, 2020",71.34,71.35,71.37,71.24,1.36M,0.05%
"Jan 23, 2020",71.31,71.22,71.38,71.17,1.24M,0.07%
"Jan 22, 2020",71.26,71.27,71.28,71.16,1.06M,-0.01%
"Jan 21, 2020",71.27,71.2,71.29,71.17,1.30M,0.13%
"Jan 20, 2020",71.18,71.17,71.21,71.08,992.05K,0.05%
"Jan 17, 2020",71.14,71.04,71.17,71,1.36M,0.18%
"Jan 16, 2020",71.02,70.87,71.05,70.82,1.55M,0.14%
"Jan 15, 2020",70.92,71.02,71.11,70.89,1.31M,-0.09%
"Jan 14, 2020",70.98,70.83,71.07,70.82,1.62M,0.03%
"Jan 13, 2020",70.96,71,71.04,70.86,1.69M,-0.11%
"Jan 10, 2020",71.03,71.34,71.37,70.96,2.13M,-0.43%
"Jan 09, 2020",71.34,72,72,71.31,2.12M,-0.71%
"Jan 08, 2020",71.86,72.45,72.45,71.83,2.18M,-0.14%
"Jan 07, 2020",71.96,72.05,72.05,71.83,1.37M,-0.22%
"Jan 06, 2020",72.11,72.07,72.29,72.07,2.07M,0.20%
"Jan 03, 2020",71.97,71.56,71.99,71.56,2.04M,0.62%
"Jan 02, 2020",71.52,71.42,71.56,71.39,983.99K,0.09%
"Jan 01, 2020",71.46,71.5,71.57,71.42,508.06K,-0.12%
"Dec 31, 2019",71.54,71.5,71.58,71.44,1.06M,0.01%
"Dec 30, 2019",71.53,71.6,71.64,71.5,1.01M,0.44%
"Dec 27, 2019",71.22,71.35,71.35,71.22,774.08K,-0.19%
"Dec 26, 2019",71.36,71.32,71.38,71.25,1.28M,0.06%
"Dec 24, 2019",71.31,71.27,71.33,71.18,1.24M,0.10%
"Dec 23, 2019",71.24,71.18,71.29,71.13,1.14M,0.09%
"Dec 20, 2019",71.17,71.19,71.29,71.1,1.44M,0.07%
"Dec 19, 2019",71.12,71.06,71.26,70.93,2.65M,0.05%
"Dec 18, 2019",71.08,71.06,71.2,71.04,1.30M,0.00%
"Dec 17, 2019",71.08,71.07,71.11,70.93,2.15M,-0.04%
"Dec 16, 2019",71.11,70.85,71.17,70.81,1.90M,0.26%
"Dec 13, 2019",70.92,70.67,70.97,70.61,2.66M,0.00%
"Dec 12, 2019",70.92,70.88,71,70.65,2.86M,-0.10%
"Dec 11, 2019",70.99,70.97,71.06,70.86,1.73M,-0.06%
"Dec 10, 2019",71.03,71.14,71.17,70.96,1.69M,-0.22%
"Dec 09, 2019",71.18,71.45,71.45,71.14,1.73M,-0.27%
"Dec 06, 2019",71.37,71.4,71.56,71.31,1.98M,-0.11%
"Dec 05, 2019",71.45,71.66,71.8,71.4,2.13M,-0.35%
"Dec 04, 2019",71.7,71.88,71.96,71.67,1.77M,-0.20%
"Dec 03, 2019",71.84,71.79,71.96,71.68,1.72M,0.02%
"Dec 02, 2019",71.82,71.9,72,71.78,1.51M,-0.10%
"Nov 29, 2019",71.9,71.77,72.04,71.74,1.82M,0.14%
"Nov 28, 2019",71.8,71.52,71.85,71.41,1.55M,0.62%
"Nov 27, 2019",71.36,71.48,71.49,71.32,913.78K,-0.22%
"Nov 26, 2019",71.52,71.66,71.69,71.49,1.77M,-0.29%
"Nov 25, 2019",71.73,71.74,71.75,71.61,1.37M,-0.02%
"Nov 22, 2019",71.75,71.79,71.9,71.71,1.35M,-0.05%
"Nov 21, 2019",71.79,71.88,71.92,71.74,1.65M,-0.09%
"Nov 20, 2019",71.86,71.81,71.96,71.69,1.56M,0.15%
"Nov 19, 2019",71.75,71.89,72.05,71.72,1.31M,-0.21%
"Nov 18, 2019",71.9,71.75,71.92,71.64,1.28M,0.05%
"Nov 15, 2019",71.87,71.9,71.94,71.73,1.56M,-0.22%
"Nov 14, 2019",72.02,72.11,72.31,71.94,2.13M,-0.18%
"Nov 13, 2019",72.15,71.81,72.18,71.74,2.03M,0.84%
"Nov 11, 2019",71.55,71.4,71.63,71.39,1.23M,0.28%
"Nov 08, 2019",71.35,71.32,71.42,71.25,1.81M,0.43%
"Nov 07, 2019",71.04,71.15,71.24,70.98,1.62M,-0.11%
"Nov 06, 2019",71.12,70.88,71.14,70.88,1.61M,0.42%
"Nov 05, 2019",70.82,70.9,70.96,70.75,1.73M,-0.12%
"Nov 04, 2019",70.91,70.72,70.93,70.67,1.31M,-0.12%
"Nov 01, 2019",70.99,71.1,71.17,70.96,1.32M,-0.19%
"Oct 31, 2019",71.12,70.98,71.22,70.88,1.81M,0.05%
"Oct 30, 2019",71.09,71.04,71.21,71.02,1.14M,0.51%
"Oct 29, 2019",70.73,70.8,70.8,70.69,1.07M,-0.24%
"Oct 27, 2019",70.9,70.85,70.91,70.81,72.76K,0.00%
"Oct 25, 2019",70.9,70.98,71.08,70.88,1.33M,-0.17%
"Oct 24, 2019",71.03,70.92,71.1,70.76,1.64M,0.11%
"Oct 23, 2019",70.95,71,71.07,70.9,1.29M,-0.08%
"Oct 22, 2019",71,70.96,71.05,70.88,1.76M,-0.29%
"Oct 18, 2019",71.21,71.25,71.36,71.1,1.56M,-0.06%
"Oct 17, 2019",71.25,71.48,71.53,71.19,1.97M,-0.39%
"Oct 16, 2019",71.53,71.71,71.8,71.44,2.04M,-0.15%
"Oct 15, 2019",71.64,71.35,71.66,71.3,1.82M,0.49%
"Oct 14, 2019",71.29,71.04,71.33,70.84,1.64M,0.20%
"Oct 11, 2019",71.14,71.1,71.18,70.91,1.36M,-0.06%
"Oct 10, 2019",71.18,71.15,71.27,71.06,1.04M,-0.02%
"Oct 09, 2019",71.2,71.3,71.36,71.07,1.30M,0.04%
"Oct 07, 2019",71.18,71.15,71.27,71.08,974.68K,0.14%
"Oct 04, 2019",71.07,71.09,71.35,70.92,2.03M,0.00%
"Oct 03, 2019",71.07,71.32,71.53,71.04,1.87M,-0.32%
"Oct 01, 2019",71.3,70.98,71.36,70.85,1.45M,0.32%
"Sep 30, 2019",71.07,70.76,71.1,70.57,1.73M,0.40%
"Sep 27, 2019",70.79,71.13,71.23,70.76,2.07M,-0.17%
"Sep 26, 2019",70.9,71.04,71.04,70.86,876.02K,-0.24%
"Sep 25, 2019",71.07,71.09,71.16,70.99,1.65M,0.04%
"Sep 24, 2019",71.05,70.86,71.08,70.76,2.65M,0.11%
"Sep 23, 2019",70.97,71.08,71.14,70.9,1.65M,-0.12%
"Sep 20, 2019",71.06,71.28,71.29,70.71,3.34M,-0.45%
"Sep 19, 2019",71.38,71.39,71.44,71.12,2.14M,0.07%
"Sep 18, 2019",71.33,71.6,71.64,71.24,2.07M,-0.82%
"Sep 17, 2019",71.92,71.75,72.08,71.75,1.80M,0.32%
"Sep 16, 2019",71.69,71.09,71.78,71.09,1.99M,0.89%
"Sep 13, 2019",71.06,71.16,71.27,70.96,2.49M,-0.32%
"Sep 12, 2019",71.28,71.54,71.63,71.21,2.29M,-0.73%
"Sep 11, 2019",71.81,71.97,72.04,71.73,1.54M,-0.05%
"Sep 09, 2019",71.84,71.79,71.88,71.64,1.49M,0.00%
"Sep 06, 2019",71.84,72.03,72.07,71.74,1.65M,-0.23%
"Sep 05, 2019",72,72.14,72.17,71.96,1.78M,-0.40%
"Sep 04, 2019",72.29,72.45,72.51,72.15,1.90M,-0.39%
"Sep 03, 2019",72.57,72.14,72.62,72.07,3.19M,1.32%
"Aug 30, 2019",71.63,71.9,72.04,71.57,2.18M,-0.48%
"Aug 29, 2019",71.97,71.85,72.32,71.85,2.24M,0.38%
"Aug 28, 2019",71.7,71.55,71.73,71.46,1.35M,0.29%
"Aug 27, 2019",71.5,71.79,71.88,71.45,2.39M,-0.73%
"Aug 26, 2019",72.02,71.7,72.27,71.7,3.12M,0.41%
"Aug 23, 2019",71.72,71.88,72.09,71.59,2.42M,-0.22%
"Aug 22, 2019",71.88,71.58,72.02,71.56,2.72M,0.42%
"Aug 21, 2019",71.58,71.54,71.66,71.4,1.93M,-0.24%
"Aug 20, 2019",71.75,71.61,71.86,71.57,1.93M,0.36%
"Aug 19, 2019",71.49,71.21,71.55,71.12,2.21M,0.41%
"Aug 16, 2019",71.2,71.42,71.56,71.12,2.23M,-0.28%
"Aug 14, 2019",71.4,71.09,71.45,70.93,2.10M,-0.06%
"Aug 13, 2019",71.44,71.22,71.53,71.13,2.28M,0.76%
"Aug 09, 2019",70.9,70.7,70.94,70.56,1.75M,0.14%
"Aug 08, 2019",70.8,71.04,71.07,70.65,2.45M,-0.28%
"Aug 07, 2019",71,71.04,71.29,70.76,2.55M,0.03%
"Aug 06, 2019",70.98,71.09,71.14,70.65,3.03M,0.18%
"Aug 05, 2019",70.85,70.33,70.94,70.16,3.86M,1.64%
"Aug 02, 2019",69.71,69.38,69.86,69.37,3.29M,0.66%
"Aug 01, 2019",69.25,69.3,69.37,69.19,1.67M,0.39%
"Jul 31, 2019",68.98,69.08,69.14,68.96,1.08M,-0.10%
"Jul 30, 2019",69.05,68.9,69.08,68.86,1.60M,0.22%
"Jul 29, 2019",68.9,68.92,68.97,68.86,794.23K,-0.03%
"Jul 26, 2019",68.92,69.08,69.17,68.89,1.45M,-0.19%
"Jul 25, 2019",69.05,69,69.08,68.92,1.18M,0.06%
"Jul 24, 2019",69.01,69.06,69.14,68.99,1.13M,0.04%
"Jul 23, 2019",68.98,68.9,69.08,68.89,1.03M,0.04%
"Jul 22, 2019",68.95,68.96,69.11,68.94,1.19M,0.09%
"Jul 19, 2019",68.89,68.79,69.01,68.75,1.37M,-0.16%
"Jul 18, 2019",69,68.87,69.07,68.79,1.49M,0.12%
"Jul 17, 2019",68.92,68.72,68.97,68.72,1.67M,0.16%
"Jul 16, 2019",68.81,68.64,68.84,68.61,1.08M,0.25%
"Jul 15, 2019",68.64,68.7,68.7,68.59,947.96K,-0.19%
"Jul 12, 2019",68.77,68.57,68.8,68.53,1.72M,0.34%
"Jul 11, 2019",68.54,68.47,68.59,68.38,1.44M,-0.26%
"Jul 10, 2019",68.72,68.77,68.81,68.61,1.15M,0.04%
"Jul 09, 2019",68.69,68.89,68.98,68.67,1.72M,-0.19%
"Jul 08, 2019",68.82,68.74,68.9,68.69,1.43M,0.31%
"Jul 05, 2019",68.61,68.68,68.94,68.56,2.32M,-0.13%
"Jul 04, 2019",68.7,69,69.06,68.67,1.97M,-0.56%
"Jul 03, 2019",69.09,69.12,69.15,69,1.58M,-0.12%
"Jul 02, 2019",69.17,69.16,69.27,69.12,1.52M,-0.04%
"Jul 01, 2019",69.2,69.2,69.32,69.06,1.49M,-0.14%
"Jun 28, 2019",69.3,69.37,69.37,69.13,1.56M,-0.09%
"Jun 27, 2019",69.36,69.6,69.62,69.32,1.65M,0.06%
"Jun 26, 2019",69.32,69.6,69.8,69.28,1.50M,-0.10%
"Jun 25, 2019",69.39,69.48,69.48,69.25,1.63M,0.00%
"Jun 24, 2019",69.39,69.69,69.69,69.37,1.56M,-0.32%
"Jun 21, 2019",69.61,69.98,69.98,69.55,1.54M,0.14%
"Jun 20, 2019",69.51,69.61,69.71,69.46,1.56M,-0.39%
"Jun 19, 2019",69.78,69.61,69.87,69.56,1.25M,0.00%
"Jun 18, 2019",69.78,69.94,69.97,69.7,1.32M,-0.30%
"Jun 17, 2019",69.99,70,70.05,69.83,1.34M,0.14%
"Jun 14, 2019",69.89,69.62,69.94,69.6,1.78M,0.40%
"Jun 13, 2019",69.61,69.45,69.65,69.39,1.31M,0.20%
"Jun 12, 2019",69.47,69.54,69.56,69.39,1.16M,-0.14%
"Jun 11, 2019",69.57,69.56,69.66,69.46,1.34M,-0.29%
"Jun 10, 2019",69.77,69.58,69.79,69.51,1.26M,0.24%
"Jun 07, 2019",69.6,69.39,69.67,69.32,1.52M,0.27%
"Jun 06, 2019",69.41,69.55,69.59,69.33,1.59M,-0.01%
"Jun 04, 2019",69.42,69.26,69.5,69.19,1.77M,0.03%
"Jun 03, 2019",69.4,69.8,69.86,69.35,2.08M,-0.73%
"May 31, 2019",69.91,70,70.25,69.85,1.52M,-0.24%
"May 30, 2019",70.08,69.98,70.12,69.89,1.22M,0.29%
"May 29, 2019",69.88,69.7,69.87,69.7,1.09M,0.29%
"May 28, 2019",69.68,69.56,69.75,69.56,1.56M,0.19%
"May 27, 2019",69.55,69.45,69.63,69.35,1.34M,0.00%
"May 24, 2019",69.55,69.89,69.89,69.52,1.54M,-0.69%
"May 23, 2019",70.03,69.6,70.08,69.38,2.60M,0.42%
"May 22, 2019",69.74,69.75,69.86,69.66,1.53M,-0.06%
"May 21, 2019",69.78,69.78,69.88,69.7,1.28M,-0.03%
"May 20, 2019",69.8,69.48,69.84,69.45,2.04M,-0.70%
"May 17, 2019",70.29,70.25,70.37,70.17,1.44M,0.21%
"May 16, 2019",70.14,70.36,70.42,70.08,1.37M,-0.44%
"May 15, 2019",70.45,70.5,70.53,70.3,1.32M,-0.20%
"May 14, 2019",70.59,70.65,70.7,70.42,1.65M,-0.07%
"May 13, 2019",70.64,70.5,70.68,70.13,2.69M,0.86%
"May 10, 2019",70.04,70.1,70.23,69.91,1.80M,-0.10%
"May 09, 2019",70.11,69.84,70.19,69.84,1.67M,0.31%
"May 08, 2019",69.89,69.7,69.92,69.64,1.46M,0.39%
"May 07, 2019",69.62,69.56,69.65,69.48,1.13M,0.06%
"May 06, 2019",69.58,69.58,69.69,69.53,1.46M,0.17%
"May 03, 2019",69.46,69.6,69.66,69.42,1.66M,-0.22%
"May 02, 2019",69.61,69.92,69.92,69.56,1.39M,-0.33%
"Apr 30, 2019",69.84,70.1,70.19,69.81,2.12M,-0.71%
"Apr 26, 2019",70.34,70.45,70.53,70.26,1.87M,0.57%
"Apr 25, 2019",69.94,69.98,70.11,69.92,1.26M,0.07%
"Apr 24, 2019",69.89,69.61,70.03,69.61,2.16M,0.23%
"Apr 23, 2019",69.73,69.66,69.92,69.61,1.96M,0.03%
"Apr 22, 2019",69.71,69.71,69.96,69.57,1.72M,0.32%
"Apr 18, 2019",69.49,69.65,69.69,69.4,1.81M,-0.29%
"Apr 16, 2019",69.69,69.42,69.78,69.11,1.85M,0.23%
"Apr 15, 2019",69.53,69.3,69.59,68.8,1.56M,0.26%
"Apr 12, 2019",69.35,69.27,69.56,69.17,2.10M,0.41%
"Apr 11, 2019",69.07,69.4,69.4,69,1.74M,-0.45%
"Apr 10, 2019",69.38,69.55,69.57,69.28,1.69M,-0.17%
"Apr 09, 2019",69.5,69.98,69.98,69.42,2.23M,-0.47%
"Apr 08, 2019",69.83,69.46,69.88,69.46,2.13M,0.50%
"Apr 05, 2019",69.48,69.29,69.54,69.25,1.83M,0.12%
"Apr 04, 2019",69.4,69.09,69.45,68.84,2.42M,0.67%
"Apr 03, 2019",68.94,69.18,69.2,68.8,3.02M,-0.49%
"Apr 02, 2019",69.28,69.52,69.67,69.19,1.85M,-0.33%
"Mar 29, 2019",69.51,69.4,69.59,69.32,1.79M,-0.06%
"Mar 28, 2019",69.55,69.39,69.64,69.2,1.64M,0.94%
"Mar 27, 2019",68.9,68.88,69.03,68.81,1.26M,0.03%
"Mar 26, 2019",68.88,69,69.01,68.79,1.78M,-0.14%
"Mar 25, 2019",68.98,69.05,69.22,68.82,1.82M,-0.04%
"Mar 22, 2019",69.01,68.82,69.15,68.56,2.39M,0.20%
"Mar 20, 2019",68.87,69.1,69.21,68.75,2.00M,-0.26%
"Mar 19, 2019",69.05,68.58,69.09,68.41,2.64M,0.63%
"Mar 18, 2019",68.62,69,69.05,68.51,2.40M,-0.88%
"Mar 15, 2019",69.23,69.39,69.43,69.12,2.26M,-0.33%
"Mar 14, 2019",69.46,69.7,69.83,69.36,2.81M,-0.27%
"Mar 13, 2019",69.65,69.83,69.89,69.53,1.63M,-0.26%
"Mar 12, 2019",69.83,69.85,69.88,69.61,2.15M,-0.27%
"Mar 11, 2019",70.02,70.22,70.22,69.94,1.63M,-0.34%
"Mar 08, 2019",70.26,70.14,70.4,69.94,2.44M,0.16%
"Mar 07, 2019",70.15,70.3,70.3,70.1,2.16M,-0.45%
"Mar 06, 2019",70.47,70.8,70.85,70.43,1.77M,-0.30%
"Mar 05, 2019",70.68,71.15,71.19,70.61,2.36M,-0.63%
"Mar 01, 2019",71.13,70.98,71.21,70.9,1.81M,0.06%
"Feb 28, 2019",71.09,71.5,71.51,70.92,2.48M,-0.62%
"Feb 27, 2019",71.53,71.34,71.75,71.17,3.19M,0.60%
"Feb 26, 2019",71.1,71.1,71.37,70.97,1.42M,0.13%
"Feb 25, 2019",71.01,71.14,71.14,70.98,1.36M,-0.21%
"Feb 22, 2019",71.16,71.26,71.27,71.11,1.61M,-0.13%
"Feb 21, 2019",71.25,71.18,71.3,70.95,2.01M,0.08%
"Feb 20, 2019",71.19,71.34,71.41,71.13,1.53M,-0.34%
"Feb 18, 2019",71.43,71.32,71.59,71.32,1.43M,0.15%
"Feb 15, 2019",71.32,71.32,71.52,71.25,1.89M,0.15%
"Feb 14, 2019",71.21,71.04,71.27,70.82,1.84M,0.37%
"Feb 13, 2019",70.95,70.75,71,70.5,2.13M,0.11%
"Feb 12, 2019",70.87,71.31,71.35,70.81,2.00M,-0.60%
"Feb 11, 2019",71.3,71.45,71.45,71.21,1.12M,-0.18%
"Feb 08, 2019",71.43,71.56,71.56,71.15,1.77M,-0.18%
"Feb 07, 2019",71.56,71.72,71.92,71.42,2.25M,-0.22%
"Feb 06, 2019",71.72,71.73,71.85,71.65,1.12M,-0.03%
"Feb 05, 2019",71.74,72.14,72.14,71.72,1.49M,-0.33%
"Feb 04, 2019",71.98,71.65,72.03,71.61,1.71M,0.74%
"Feb 01, 2019",71.45,71.22,71.57,71.11,2.50M,0.22%
"Jan 31, 2019",71.29,71.25,71.39,71.03,2.03M,-0.07%
"Jan 30, 2019",71.34,71.41,71.59,71.31,1.29M,0.35%
"Jan 29, 2019",71.09,71.11,71.22,71.08,801.59K,-0.04%
"Jan 28, 2019",71.12,71.16,71.22,70.92,1.55M,-0.13%
"Jan 25, 2019",71.21,71.1,71.26,70.96,1.60M,0.11%
"Jan 24, 2019",71.13,71.34,71.34,71.07,1.27M,-0.35%
"Jan 23, 2019",71.38,71.2,71.42,71.15,1.31M,-0.15%
"Jan 22, 2019",71.49,71.55,71.55,71.22,1.36M,0.22%
"Jan 21, 2019",71.33,71.27,71.6,71.17,1.80M,0.14%
"Jan 18, 2019",71.23,71.1,71.33,71.1,1.67M,0.20%
"Jan 17, 2019",71.09,71.29,71.48,71.04,2.10M,-0.32%
"Jan 16, 2019",71.32,71.12,71.37,71,2.20M,0.25%
"Jan 15, 2019",71.14,70.89,71.27,70.83,2.02M,0.20%
"Jan 14, 2019",71,70.52,71.04,70.52,1.70M,0.57%
"Jan 11, 2019",70.6,70.59,70.71,70.46,1.59M,0.09%
"Jan 10, 2019",70.54,70.66,70.78,70.44,2.32M,-0.14%
"Jan 09, 2019",70.64,70.05,70.79,70.05,2.40M,0.40%
"Jan 08, 2019",70.36,69.91,70.39,69.91,2.15M,0.77%
"Jan 07, 2019",69.82,69.69,70.08,69.38,2.97M,-0.07%
"Jan 04, 2019",69.87,70.36,70.36,69.81,2.05M,-0.64%
"Jan 03, 2019",70.32,70.39,70.7,70.2,2.22M,-0.06%
"Jan 02, 2019",70.36,69.8,70.44,69.73,2.17M,0.92%
"Jan 01, 2019",69.72,69.8,69.97,69.58,626.30K,-0.31%
"Dec 31, 2018",69.94,70.16,70.16,69.89,1.33M,-0.31%
"Dec 28, 2018",70.16,70.38,70.38,70.08,1.45M,-0.24%
"Dec 27, 2018",70.33,70.07,70.35,70.07,1.05M,0.47%
"Dec 26, 2018",70,70.03,70.17,69.77,2.04M,-0.21%
"Dec 24, 2018",70.15,70.2,70.34,69.89,2.07M,-0.01%
"Dec 21, 2018",70.16,69.75,70.37,69.75,2.66M,0.53%
"Dec 20, 2018",69.79,70.68,70.75,69.69,2.73M,-0.91%
"Dec 19, 2018",70.43,70.19,70.55,69.92,2.42M,-0.31%
"Dec 18, 2018",70.65,71.55,71.55,70.47,2.56M,-1.35%
"Dec 17, 2018",71.62,71.94,71.98,71.58,1.36M,-0.61%
"Dec 14, 2018",72.06,71.66,72.16,71.66,1.53M,0.36%
"Dec 13, 2018",71.8,71.88,72,71.62,1.52M,-0.43%
"Dec 12, 2018",72.11,72.34,72.34,72,2.10M,0.11%
"Dec 11, 2018",72.03,72.5,72.6,71.82,3.15M,0.74%
"Dec 10, 2018",71.5,71.22,71.58,71.22,1.93M,0.85%
"Dec 07, 2018",70.9,70.8,70.96,70.57,1.44M,-0.07%
"Dec 06, 2018",70.95,70.88,71.31,70.86,2.79M,0.41%
"Dec 05, 2018",70.66,70.82,70.92,70.54,1.86M,-0.04%
"Dec 04, 2018",70.69,70.89,70.89,70.52,1.92M,0.08%
"Dec 03, 2018",70.63,70.01,70.68,70,2.34M,1.12%
"Nov 30, 2018",69.85,69.96,70.11,69.78,1.65M,-0.36%
"Nov 29, 2018",70.1,70.48,70.49,69.98,2.22M,-0.83%
"Nov 28, 2018",70.69,70.88,70.88,70.61,982.52K,-0.13%
"Nov 27, 2018",70.78,71.1,71.1,70.7,2.13M,-0.06%
"Nov 26, 2018",70.82,70.55,70.87,70.23,2.44M,0.01%
"Nov 22, 2018",70.81,71.2,71.22,70.67,1.82M,-0.94%
"Nov 20, 2018",71.48,71.54,71.54,71.28,1.79M,-0.21%
"Nov 19, 2018",71.63,71.99,72.12,71.55,2.04M,-0.50%
"Nov 16, 2018",71.99,72,72.07,71.79,2.02M,-0.08%
"Nov 15, 2018",72.05,72.25,72.26,71.93,2.30M,-0.50%
"Nov 14, 2018",72.41,72.38,72.51,72.09,1.85M,-0.47%
"Nov 13, 2018",72.75,72.95,72.96,72.61,2.00M,-0.36%
"Nov 12, 2018",73.01,72.81,73.21,72.8,2.10M,0.51%
"Nov 09, 2018",72.64,72.72,72.95,72.59,1.80M,0.03%
"Nov 07, 2018",72.62,72.6,72.7,72.56,236.06K,-0.71%
"Nov 06, 2018",73.14,73.05,73.2,73.02,1.05M,-0.15%
"Nov 05, 2018",73.25,73,73.28,72.9,2.03M,0.84%
"Nov 02, 2018",72.64,73.39,73.43,72.61,3.28M,-1.41%
"Nov 01, 2018",73.68,74.2,74.45,73.65,1.66M,-0.70%
"Oct 31, 2018",74.2,74.08,74.4,74.02,2.29M,0.37%
"Oct 30, 2018",73.93,73.75,73.96,73.73,1.33M,0.69%
"Oct 29, 2018",73.42,73.39,73.44,73.25,1.18M,0.03%
"Oct 26, 2018",73.4,73.3,73.46,73.27,1.70M,0.19%
"Oct 25, 2018",73.26,73.45,73.45,73.18,1.88M,0.16%
"Oct 24, 2018",73.14,73.23,73.36,73.11,2.50M,-0.61%
"Oct 23, 2018",73.59,73.72,73.88,73.54,2.06M,0.03%
"Oct 22, 2018",73.57,73.33,73.61,73.23,1.88M,0.25%
"Oct 19, 2018",73.39,73.64,73.73,73.35,2.02M,-0.39%
"Oct 17, 2018",73.68,73.5,73.74,73.37,2.42M,0.08%
"Oct 16, 2018",73.62,73.9,74.05,73.56,2.85M,-0.41%
"Oct 15, 2018",73.92,73.84,74.21,73.84,2.25M,0.30%
"Oct 12, 2018",73.7,74,74.11,73.66,2.74M,-0.70%
"Oct 11, 2018",74.22,74.48,74.69,74.15,3.01M,-0.22%
"Oct 10, 2018",74.38,74.36,74.47,74.22,1.81M,-0.16%
"Oct 09, 2018",74.5,74.1,74.59,74.08,2.38M,0.34%
"Oct 08, 2018",74.25,74.17,74.31,73.95,1.89M,0.32%
"Oct 05, 2018",74.01,73.95,74.45,73.62,4.54M,0.16%
"Oct 04, 2018",73.89,73.91,74.03,73.67,3.29M,0.41%
"Oct 03, 2018",73.59,73.44,73.67,73.15,3.05M,0.60%
"Oct 01, 2018",73.15,72.92,73.21,72.83,1.99M,0.54%
"Sep 28, 2018",72.76,72.89,72.92,72.67,2.06M,-0.16%
"Sep 27, 2018",72.88,72.72,73.05,72.67,1.97M,0.22%
"Sep 26, 2018",72.72,72.7,72.74,72.56,1.71M,0.03%
"Sep 25, 2018",72.7,72.8,72.97,72.57,3.59M,0.11%
"Sep 24, 2018",72.62,72.41,72.76,72.32,2.48M,0.62%
"Sep 21, 2018",72.17,71.95,72.5,71.76,4.23M,-0.40%
"Sep 19, 2018",72.46,72.78,72.99,72.39,3.53M,-0.64%
"Sep 18, 2018",72.93,72.53,73.04,72.42,3.12M,0.52%
"Sep 17, 2018",72.55,72.52,72.77,72.37,2.66M,0.83%
"Sep 14, 2018",71.95,71.9,72.08,71.6,3.09M,-0.47%
"Sep 12, 2018",72.29,72.82,73.03,72.02,3.76M,-0.73%
"Sep 11, 2018",72.82,72.41,72.88,72.39,2.89M,0.37%
"Sep 10, 2018",72.55,72.21,72.83,72.1,4.39M,0.96%
"Sep 07, 2018",71.86,72,72.19,71.81,2.33M,-0.37%
"Sep 06, 2018",72.13,71.91,72.29,71.81,2.47M,0.31%
"Sep 05, 2018",71.91,71.65,72.16,71.56,2.95M,0.29%
"Sep 04, 2018",71.7,71.4,71.77,71.28,3.31M,0.50%
"Sep 03, 2018",71.34,71.1,71.4,70.9,2.03M,0.21%
"Aug 31, 2018",71.19,71.02,71.25,71.02,2.20M,0.34%
"Aug 30, 2018",70.95,70.76,71.08,70.76,2.96M,0.64%
"Aug 29, 2018",70.5,70.23,70.53,70.23,1.21M,0.54%
"Aug 28, 2018",70.12,70.03,70.3,70.02,1.69M,-0.04%
"Aug 27, 2018",70.15,69.9,70.18,69.72,1.72M,0.30%
"Aug 24, 2018",69.94,70.18,70.27,69.92,1.50M,-0.29%
"Aug 23, 2018",70.14,70,70.19,69.99,1.75M,0.29%
"Aug 21, 2018",69.94,69.72,69.98,69.58,1.73M,0.11%
"Aug 20, 2018",69.86,70.03,70.03,69.66,1.79M,-0.64%
"Aug 16, 2018",70.31,70.15,70.49,70.15,3.33M,0.46%
"Aug 14, 2018",69.99,70.02,70.19,69.77,2.99M,0.00%
"Aug 13, 2018",69.99,69.71,70.06,69.52,4.93M,1.45%
"Aug 10, 2018",68.99,68.94,69.17,68.89,1.88M,0.26%
"Aug 09, 2018",68.81,68.65,68.84,68.6,1.18M,0.01%
"Aug 08, 2018",68.8,68.86,68.88,68.73,1.05M,-0.07%
"Aug 07, 2018",68.85,68.91,69.11,68.82,1.20M,-0.28%
"Aug 06, 2018",69.04,68.75,69.07,68.69,1.22M,0.26%
"Aug 03, 2018",68.86,68.83,69.04,68.19,1.72M,-0.04%
"Aug 02, 2018",68.89,68.61,68.92,68.47,1.97M,0.32%
"Aug 01, 2018",68.67,68.78,68.85,68.64,1.26M,-0.17%
"Jul 31, 2018",68.79,68.92,68.95,68.77,968.76K,-0.13%
"Jul 30, 2018",68.88,68.83,69.07,68.83,925.04K,0.26%
"Jul 27, 2018",68.7,68.67,68.73,68.53,1.17M,0.03%
"Jul 26, 2018",68.68,68.83,68.83,68.61,1.54M,-0.19%
"Jul 25, 2018",68.81,68.95,69.03,68.72,1.50M,-0.17%
"Jul 24, 2018",68.93,68.97,69.12,68.86,1.57M,0.07%
"Jul 23, 2018",68.88,68.8,68.91,68.68,1.14M,-0.06%
"Jul 20, 2018",68.92,69.1,69.18,68.85,1.76M,-0.26%
"Jul 19, 2018",69.1,68.74,69.13,68.72,2.16M,0.61%
"Jul 18, 2018",68.68,68.48,68.7,68.44,1.30M,0.23%
"Jul 17, 2018",68.52,68.54,68.55,68.35,1.60M,-0.25%
"Jul 16, 2018",68.69,68.6,68.81,68.56,1.14M,0.13%
"Jul 13, 2018",68.6,68.5,68.64,68.42,1.49M,-0.10%
"Jul 12, 2018",68.67,68.82,68.82,68.59,1.94M,-0.38%
"Jul 11, 2018",68.93,68.92,69.04,68.88,1.28M,-0.07%
"Jul 10, 2018",68.98,68.86,69.01,68.85,1.15M,0.17%
"Jul 09, 2018",68.86,68.84,68.93,68.62,1.37M,-0.28%
"Jul 06, 2018",69.05,69,69.19,68.96,1.24M,-0.07%
"Jul 05, 2018",69.1,68.91,69.18,68.86,1.46M,0.23%
"Jul 04, 2018",68.94,68.8,68.98,68.67,1.34M,0.19%
"Jul 03, 2018",68.81,69.06,69.19,68.77,1.56M,-0.25%
"Jul 02, 2018",68.98,68.8,69,68.56,1.54M,0.38%
"Jun 29, 2018",68.72,69.1,69.1,68.57,2.15M,-0.41%
"Jun 28, 2018",69,69.11,69.33,68.96,2.84M,0.70%
"Jun 27, 2018",68.52,68.34,68.56,68.33,1.46M,0.43%
"Jun 26, 2018",68.23,68.14,68.26,68.07,1.47M,0.15%
"Jun 25, 2018",68.13,67.99,68.19,67.95,1.54M,0.44%
"Jun 22, 2018",67.83,67.95,67.95,67.71,1.80M,-0.31%
"Jun 21, 2018",68.04,68.25,68.28,67.99,1.57M,-0.13%
"Jun 20, 2018",68.13,68.1,68.23,68.07,1.89M,-0.38%
"Jun 19, 2018",68.39,68.13,68.44,68.03,2.30M,0.48%
"Jun 18, 2018",68.06,68.25,68.29,68.01,1.68M,-0.04%
"Jun 15, 2018",68.09,68,68.12,67.92,1.58M,0.52%
"Jun 14, 2018",67.74,67.64,67.81,67.63,967.99K,0.00%
"Jun 13, 2018",67.74,67.65,67.82,67.65,1.09M,0.22%
"Jun 12, 2018",67.59,67.6,67.63,67.45,923.80K,0.04%
"Jun 11, 2018",67.56,67.65,67.65,67.41,1.23M,-0.25%
"Jun 08, 2018",67.73,67.51,67.92,67.51,3.00M,0.73%
"Jun 07, 2018",67.24,67.03,67.27,67,1.04M,0.24%
"Jun 06, 2018",67.08,67.2,67.31,67.03,1.53M,-0.36%
"Jun 05, 2018",67.32,67.19,67.39,67.19,921.82K,0.04%
"Jun 04, 2018",67.29,67.15,67.33,67.02,1.29M,0.04%
"Jun 01, 2018",67.26,67.57,67.63,67.19,1.81M,-0.53%
"May 31, 2018",67.62,67.58,67.78,67.48,1.23M,-0.03%
"May 30, 2018",67.64,68.11,68.11,67.61,1.84M,-0.27%
"May 29, 2018",67.82,67.52,67.82,67.52,1.41M,0.62%
"May 28, 2018",67.4,67.55,67.59,67.27,1.95M,-0.55%
"May 25, 2018",67.77,68.3,68.3,67.67,2.72M,-0.86%
"May 24, 2018",68.36,68.32,68.45,68.28,1.45M,-0.16%
"May 23, 2018",68.47,68.25,68.49,68.18,2.70M,0.57%
"May 22, 2018",68.08,68.17,68.17,67.97,1.48M,-0.15%
"May 21, 2018",68.18,68.19,68.22,68.07,1.32M,0.15%
"May 18, 2018",68.08,67.83,68.14,67.83,1.68M,0.44%
"May 17, 2018",67.78,67.81,67.88,67.64,1.47M,-0.16%
"May 16, 2018",67.89,68.3,68.3,67.85,3.27M,-0.44%
"May 15, 2018",68.19,67.72,68.25,67.56,2.78M,0.78%
"May 14, 2018",67.66,67.36,67.73,67.31,1.55M,0.33%
"May 11, 2018",67.44,67.3,67.5,67.22,1.43M,0.00%
"May 10, 2018",67.44,67.49,67.57,67.35,1.38M,0.03%
"May 09, 2018",67.42,67.48,67.64,67.39,1.83M,0.28%
"May 08, 2018",67.23,67.42,67.44,67.11,2.13M,-0.12%
"May 07, 2018",67.31,67.19,67.35,66.95,2.47M,0.36%
"May 04, 2018",67.07,66.94,67.1,66.8,1.62M,0.37%
"May 03, 2018",66.82,66.82,66.94,66.72,1.06M,-0.06%
"May 02, 2018",66.86,66.88,67,66.84,1.41M,-0.04%
"Apr 27, 2018",66.89,66.76,67.05,66.76,1.18M,-0.10%
"Apr 26, 2018",66.96,67.1,67.18,66.91,1.53M,0.39%
"Apr 25, 2018",66.7,66.44,66.71,66.44,1.38M,0.50%
"Apr 24, 2018",66.37,66.43,66.49,66.28,1.87M,-0.15%
"Apr 23, 2018",66.47,66.24,66.49,66.16,2.92M,0.59%
"Apr 20, 2018",66.08,65.94,66.14,65.92,2.38M,0.43%
"Apr 19, 2018",65.8,65.79,65.87,65.74,1.37M,0.17%
"Apr 18, 2018",65.69,65.87,65.87,65.63,1.93M,0.00%
"Apr 17, 2018",65.69,65.52,65.76,65.47,2.05M,0.20%
"Apr 16, 2018",65.56,65.4,65.58,65.37,1.32M,0.41%
"Apr 13, 2018",65.29,65.35,65.42,65.26,967.51K,-0.11%
"Apr 12, 2018",65.36,65.35,65.53,65.33,1.48M,-0.02%
"Apr 11, 2018",65.37,65.05,65.4,65.04,1.77M,0.43%
"Apr 10, 2018",65.09,65.1,65.14,64.96,896.63K,-0.08%
"Apr 09, 2018",65.14,64.99,65.17,64.95,1.27M,0.08%
"Apr 06, 2018",65.09,65.03,65.16,65.03,778.94K,-0.02%
"Apr 05, 2018",65.1,65.28,65.28,65.07,1.29M,-0.35%
"Apr 04, 2018",65.33,65.18,65.36,65.06,1.41M,0.21%
"Apr 03, 2018",65.19,65.25,65.3,65.14,1.10M,-0.26%
"Mar 28, 2018",65.36,65.08,65.45,65.01,1.71M,0.37%
"Mar 27, 2018",65.12,65.11,65.16,64.92,1.09M,0.32%